{"dev_best_f1": 0.9006168608636052, "f1_": 0.869656622284513, "f1_overlap_": 0.8647711511789182, "precision_": 0.8650092936802974, "recall_": 0.8743541568811649}