{"dev_best_f1": 0.8877307274701411, "f1_": 0.8868971404182672, "f1_overlap_": 0.8847173613320606, "precision_": 0.8838792003402808, "recall_": 0.8899357601713062}