{"dev_best_f1": 0.8858350951374208, "f1_": 0.8896755162241888, "f1_overlap_": 0.8849391955098223, "precision_": 0.8895705521472392, "recall_": 0.889780505074345}