{"dev_best_f1": 0.8892696508888414, "f1_": 0.892489941886455, "f1_overlap_": 0.8895303652714556, "precision_": 0.8857586512866016, "recall_": 0.8993243243243243}