{"dev_best_f1": 0.888950276243094, "f1_": 0.8879427133733307, "f1_overlap_": 0.8847926267281104, "precision_": 0.8816295157571099, "recall_": 0.8943469785575049}